iter	MultiClass
0	1.497571254
1	1.308548294
2	1.218941969
3	1.14524204
4	1.104398712
5	1.070870579
6	1.034912189
7	1.013581122
8	0.9929582179
9	0.9863716822
10	0.9748131725
11	0.9712182211
12	0.9569641063
13	0.9445523976
14	0.9366106525
15	0.931145055
16	0.9264957024
17	0.9189697275
18	0.9141323038
19	0.9100089756
20	0.9079120234
21	0.9022810709
22	0.8973203743
23	0.8938199743
24	0.8899403616
25	0.8841547896
26	0.8806817489
27	0.8773967646
28	0.8753478126
29	0.8707643645
